{
    "type": "create:compacting",
    "ingredients": [
      {
        "item": "minecraft:snow_block"
      },
      {
        "item": "minecraft:snow_block"
      },
      {
        "item": "minecraft:snow_block"
      },
      {
        "item": "minecraft:snow_block"
      },
      {
        "item": "minecraft:snow_block"
      },
      {
        "item": "minecraft:snow_block"
      },
      {
        "item": "minecraft:snow_block"
      },
      {
        "item": "minecraft:snow_block"
      },
      {
        "item": "minecraft:snow_block"
      }
    ],
    "results": [
      {
        "item": "tfc:ice_pile"
      }
    ]
}