{
    "items": [
      "tfc:food/banana",
      "tfc:food/beet",
      "tfc:food/blackberry",
      "tfc:food/blueberry",
      "tfc:food/bunchberry",
      "tfc:food/carrot",
      "tfc:food/cloudberry",
      "tfc:food/cranberry",
      "tfc:food/elderberry",
      "tfc:food/gooseberry",
      "tfc:food/lemon",
      "tfc:food/orange",
      "tfc:food/peach",
      "tfc:food/plum",
      "tfc:food/raspberry",
      "tfc:food/snowberry",
      "tfc:food/strawberry",
      "tfc:food/wintergreen_berry"
    ],
    "damage": 3,
    "reload_ticks": 5,
    "knockback": 0.2,
    "velocity_multiplier": 1.2,
    "sound_pitch": 1.5
}