{
    "type": "create:sequenced_assembly",
    "ingredient": {
      "item": "create:powdered_obsidian"
    },
    "transitionalItem": {
      "item": "create:unprocessed_obsidian_sheet"
    },
    "sequence": [
      {
        "type": "create:filling",
        "ingredients": [
          {
            "item": "create:unprocessed_obsidian_sheet"
          },
          {
            "fluid": "tfc:metal/nickel",
            "nbt": {},
            "amount": 50
          }
        ],
        "results": [
          {
            "item": "create:unprocessed_obsidian_sheet"
          }
        ]
      },
      {
        "type": "create:pressing",
        "ingredients": [
          {
            "item": "create:unprocessed_obsidian_sheet"
          }
        ],
        "results": [
          {
            "item": "create:unprocessed_obsidian_sheet"
          }
        ]
      },
      {
        "type": "create:pressing",
        "ingredients": [
          {
            "item": "create:unprocessed_obsidian_sheet"
          }
        ],
        "results": [
          {
            "item": "create:unprocessed_obsidian_sheet"
          }
        ]
      }
    ],
    "results": [
      {
        "item": "create:sturdy_sheet"
      }
    ],
    "loops": 1
  }