{
    "type": "create:sequenced_assembly",
    "ingredient": {
      "tag": "forge:smooth_stone_slab"
    },
    "transitionalItem": {
      "item": "create:incomplete_track"
    },
    "sequence": [
      {
        "type": "create:deploying",
        "ingredients": [
          {
            "item": "create:incomplete_track"
          },
          [
            {
              "item": "tfc:metal/rod/steel"
            }
          ]
        ],
        "results": [
          {
            "item": "create:incomplete_track"
          }
        ]
      },
      {
        "type": "create:deploying",
        "ingredients": [
          {
            "item": "create:incomplete_track"
          },
          [
            {
              "item": "tfc:metal/rod/steel"
            }
          ]
        ],
        "results": [
          {
            "item": "create:incomplete_track"
          }
        ]
      },
      {
        "type": "create:pressing",
        "ingredients": [
          {
            "item": "create:incomplete_track"
          }
        ],
        "results": [
          {
            "item": "create:incomplete_track"
          }
        ]
      }
    ],
    "results": [
      {
        "item": "create:track",
        "count": 4
      }
    ],
    "loops": 1
}