{
    "type": "minecraft:crafting_shaped",
    "pattern": [
      "CRA",
      "R  ",
      "PB "
    ],
    "key": {
      "A": {
        "tag": "forge:ingots/wrought_iron"
      },
      "R": {
        "item": "tfc:metal/rod/gold"
      },
      "C": {
        "item": "create:cogwheel"
      },
      "P": {
        "item": "create:precision_mechanism"
      },
      "B": {
        "item": "create:brass_casing"
      }
    },
    "result": {
      "item": "create:mechanical_arm"
    }
}
