{
    "type": "minecraft:block",
    "pools": [
      {
        "name": "loot_pool",
        "rolls": 1,
        "entries": [
          {
            "type": "minecraft:item",
            "name": "tfc:glass_shard",
            "conditions": [
              {
                "condition": "minecraft:inverted",
                "term": {
                  "condition": "minecraft:match_tool",
                  "predicate": {
                    "enchantments": [
                      {
                        "enchantment": "minecraft:silk_touch",
                        "levels": {
                          "min": 1
                        }
                      }
                    ]
                  }
                }
              }
            ]
          }
        ],
        "conditions": [
          {
            "condition": "minecraft:survives_explosion"
          }
        ]
      },
      {
        "name": "loot_pool",
        "rolls": 1,
        "entries": [
          {
            "type": "minecraft:item",
            "name": "create:framed_glass",
            "conditions": [
              {
                "condition": "minecraft:match_tool",
                "predicate": {
                  "enchantments": [
                    {
                      "enchantment": "minecraft:silk_touch",
                      "levels": {
                        "min": 1
                      }
                    }
                  ]
                }
              }
            ]
          }
        ],
        "conditions": [
          {
            "condition": "minecraft:survives_explosion"
          }
        ]
      }
    ]
}