{
    "type": "create:mixing",
    "ingredients": [
      {
        "item": "create:crushed_raw_iron"
      },
      {
        "item": "create:crushed_raw_iron"
      },      
      {
        "tag": "integration:magma"
      },      
      {
        "tag": "integration:magma"
      },      
      {
        "tag": "integration:magma"
      },      
      {
        "tag": "integration:magma"
      }
    ],
    "results": [
      {
        "item": "create:andesite_alloy",
        "count": 6
      }
    ]
}